{
  "users": {
    "62895396290157@s.whatsapp.net": {
      "premiumTime": 0,
      "premium": false
    },
    "120363317955329490@newsletter": {
      "premiumTime": 0,
      "premium": false
    },
    "601115776046@s.whatsapp.net": {
      "premiumTime": 0,
      "premium": false
    },
    "601164232052@s.whatsapp.net": {
      "premiumTime": 0,
      "premium": false
    },
    "601133398577@s.whatsapp.net": {
      "premiumTime": 0,
      "premium": false
    },
    "60175004126@s.whatsapp.net": {
      "premiumTime": 0,
      "premium": false
    },
    "60193068809@s.whatsapp.net": {
      "premiumTime": 0,
      "premium": false
    },
    "60147985198@s.whatsapp.net": {
      "premiumTime": 0,
      "premium": false
    },
    "6283173346432@s.whatsapp.net": {
      "premiumTime": 0,
      "premium": false
    },
    "601151928140@s.whatsapp.net": {
      "premiumTime": 0,
      "premium": false
    },
    "601111763790@s.whatsapp.net": {
      "premiumTime": 0,
      "premium": false
    },
    "60182191874@s.whatsapp.net": {
      "premiumTime": 0,
      "premium": false
    },
    "6281390817531@s.whatsapp.net": {
      "premiumTime": 0,
      "premium": false
    },
    "601129389147@s.whatsapp.net": {
      "premiumTime": 0,
      "premium": false
    },
    "60148768578@s.whatsapp.net": {
      "premiumTime": 0,
      "premium": false
    },
    "601125597346@s.whatsapp.net": {
      "premiumTime": 0,
      "premium": false
    },
    "60109100315@s.whatsapp.net": {
      "premiumTime": 0,
      "premium": false
    },
    "601162083172@s.whatsapp.net": {
      "premiumTime": 0,
      "premium": false
    },
    "601112363240@s.whatsapp.net": {
      "premiumTime": 0,
      "premium": false
    },
    "60125033956@s.whatsapp.net": {
      "premiumTime": 0,
      "premium": false
    },
    "60187726909@s.whatsapp.net": {
      "premiumTime": 0,
      "premium": false
    },
    "120363283574397084@newsletter": {
      "premiumTime": 0,
      "premium": false
    },
    "6289654009616@s.whatsapp.net": {
      "premiumTime": 0,
      "premium": false
    },
    "601140759371@s.whatsapp.net": {
      "premiumTime": 0,
      "premium": false
    },
    "6282189499497@s.whatsapp.net": {
      "premiumTime": 0,
      "premium": false
    },
    "601126881783@s.whatsapp.net": {
      "premiumTime": 0,
      "premium": false
    },
    "601160765576@s.whatsapp.net": {
      "premiumTime": 0,
      "premium": false
    },
    "60139192230@s.whatsapp.net": {
      "premiumTime": 0,
      "premium": false
    },
    "60142937868@s.whatsapp.net": {
      "premiumTime": 0,
      "premium": false
    },
    "120363276670769802@newsletter": {
      "premiumTime": 0,
      "premium": false
    },
    "60125396946@s.whatsapp.net": {
      "premiumTime": 0,
      "premium": false
    },
    "60136388125@s.whatsapp.net": {
      "premiumTime": 0,
      "premium": false
    },
    "601162311849@s.whatsapp.net": {
      "premiumTime": 0,
      "premium": false
    },
    "601111438129@s.whatsapp.net": {
      "premiumTime": 0,
      "premium": false
    },
    "601126686891@s.whatsapp.net": {
      "premiumTime": 0,
      "premium": false
    },
    "601160891594@s.whatsapp.net": {
      "premiumTime": 0,
      "premium": false
    },
    "60134081787@s.whatsapp.net": {
      "premiumTime": 0,
      "premium": false
    },
    "60163205185@s.whatsapp.net": {
      "premiumTime": 0,
      "premium": false
    },
    "60142585578@s.whatsapp.net": {
      "premiumTime": 0,
      "premium": false
    },
    "60148742979@s.whatsapp.net": {
      "premiumTime": 0,
      "premium": false
    },
    "60197230446@s.whatsapp.net": {
      "premiumTime": 0,
      "premium": false
    },
    "120363292788881761@newsletter": {
      "premiumTime": 0,
      "premium": false
    },
    "60163480973@s.whatsapp.net": {
      "premiumTime": 0,
      "premium": false
    },
    "60165873135@s.whatsapp.net": {
      "premiumTime": 0,
      "premium": false
    },
    "601117831195@s.whatsapp.net": {
      "premiumTime": 0,
      "premium": false
    },
    "120363294505584309@newsletter": {
      "premiumTime": 0,
      "premium": false
    },
    "60183112391@s.whatsapp.net": {
      "premiumTime": 0,
      "premium": false
    },
    "60165827981@s.whatsapp.net": {
      "premiumTime": 0,
      "premium": false
    },
    "60197706211@s.whatsapp.net": {
      "premiumTime": 0,
      "premium": false
    },
    "60146813464@s.whatsapp.net": {
      "premiumTime": 0,
      "premium": false
    },
    "60172480019@s.whatsapp.net": {
      "premiumTime": 0,
      "premium": false
    },
    "60142038781@s.whatsapp.net": {
      "premiumTime": 0,
      "premium": false
    },
    "601174497967@s.whatsapp.net": {
      "premiumTime": 0,
      "premium": false
    },
    "60105881741@s.whatsapp.net": {
      "premiumTime": 0,
      "premium": false
    },
    "601117796595@s.whatsapp.net": {
      "premiumTime": 0,
      "premium": false
    },
    "601128103901@s.whatsapp.net": {
      "premiumTime": 0,
      "premium": false
    },
    "60133527221@s.whatsapp.net": {
      "premiumTime": 0,
      "premium": false
    },
    "60109377885@s.whatsapp.net": {
      "premiumTime": 0,
      "premium": false
    },
    "60136454514@s.whatsapp.net": {
      "premiumTime": 0,
      "premium": false
    },
    "60175950677@s.whatsapp.net": {
      "premiumTime": 0,
      "premium": false
    },
    "60139186874@s.whatsapp.net": {
      "premiumTime": 0,
      "premium": false
    },
    "60175346741@s.whatsapp.net": {
      "premiumTime": 0,
      "premium": false
    },
    "60166233057@s.whatsapp.net": {
      "premiumTime": 0,
      "premium": false
    },
    "601116141226@s.whatsapp.net": {
      "premiumTime": 0,
      "premium": false
    },
    "60187682811@s.whatsapp.net": {
      "premiumTime": 0,
      "premium": false
    },
    "60109618433@s.whatsapp.net": {
      "premiumTime": 0,
      "premium": false
    },
    "60198616244@s.whatsapp.net": {
      "premiumTime": 0,
      "premium": false
    },
    "601157052425@s.whatsapp.net": {
      "premiumTime": 0,
      "premium": false
    },
    "60183906102@s.whatsapp.net": {
      "premiumTime": 0,
      "premium": false
    },
    "601160868607@s.whatsapp.net": {
      "premiumTime": 0,
      "premium": false
    },
    "601151380186@s.whatsapp.net": {
      "premiumTime": 0,
      "premium": false
    },
    "60199710371@s.whatsapp.net": {
      "premiumTime": 0,
      "premium": false
    },
    "60167412005@s.whatsapp.net": {
      "premiumTime": 0,
      "premium": false
    },
    "601129191158@s.whatsapp.net": {
      "premiumTime": 0,
      "premium": false
    },
    "60176364056@s.whatsapp.net": {
      "premiumTime": 0,
      "premium": false
    },
    "60196474099@s.whatsapp.net": {
      "premiumTime": 0,
      "premium": false
    },
    "60134047062@s.whatsapp.net": {
      "premiumTime": 0,
      "premium": false
    },
    "60109788229@s.whatsapp.net": {
      "premiumTime": 0,
      "premium": false
    },
    "628979810115@s.whatsapp.net": {
      "premiumTime": 0,
      "premium": false
    },
    "60178549583@s.whatsapp.net": {
      "premiumTime": 0,
      "premium": false
    },
    "60183271266@s.whatsapp.net": {
      "premiumTime": 0,
      "premium": false
    },
    "60139431357@s.whatsapp.net": {
      "premiumTime": 0,
      "premium": false
    },
    "120363314734246493@newsletter": {
      "premiumTime": 0,
      "premium": false
    },
    "601127029419@s.whatsapp.net": {
      "premiumTime": 0,
      "premium": false
    },
    "601115185857@s.whatsapp.net": {
      "premiumTime": 0,
      "premium": false
    },
    "60175996430@s.whatsapp.net": {
      "premiumTime": 0,
      "premium": false
    },
    "60173482079@s.whatsapp.net": {
      "premiumTime": 0,
      "premium": false
    },
    "60177512610@s.whatsapp.net": {
      "premiumTime": 0,
      "premium": false
    },
    "60103711035@s.whatsapp.net": {
      "premiumTime": 0,
      "premium": false
    },
    "601128241625@s.whatsapp.net": {
      "premiumTime": 0,
      "premium": false
    },
    "60128019021@s.whatsapp.net": {
      "premiumTime": 0,
      "premium": false
    },
    "120363316702111578@newsletter": {
      "premiumTime": 0,
      "premium": false
    },
    "60173890577@s.whatsapp.net": {
      "premiumTime": 0,
      "premium": false
    },
    "60189705029@s.whatsapp.net": {
      "premiumTime": 0,
      "premium": false
    },
    "601129072520@s.whatsapp.net": {
      "premiumTime": 0,
      "premium": false
    },
    "601153026158@s.whatsapp.net": {
      "premiumTime": 0,
      "premium": false
    },
    "601172823500@s.whatsapp.net": {
      "premiumTime": 0,
      "premium": false
    },
    "60132056794@s.whatsapp.net": {
      "premiumTime": 0,
      "premium": false
    },
    "601111122030@s.whatsapp.net": {
      "premiumTime": 0,
      "premium": false
    },
    "60165086856@s.whatsapp.net": {
      "premiumTime": 0,
      "premium": false
    },
    "60178124329@s.whatsapp.net": {
      "premiumTime": 0,
      "premium": false
    },
    "601120984631@s.whatsapp.net": {
      "premiumTime": 0,
      "premium": false
    },
    "601172481065@s.whatsapp.net": {
      "premiumTime": 0,
      "premium": false
    },
    "60147910165@s.whatsapp.net": {
      "premiumTime": 0,
      "premium": false
    },
    "60178348125@s.whatsapp.net": {
      "premiumTime": 0,
      "premium": false
    },
    "60167518664@s.whatsapp.net": {
      "premiumTime": 0,
      "premium": false
    },
    "60102675730@s.whatsapp.net": {
      "premiumTime": 0,
      "premium": false
    },
    "601164235070@s.whatsapp.net": {
      "premiumTime": 0,
      "premium": false
    },
    "120363283314647631@newsletter": {
      "premiumTime": 0,
      "premium": false
    },
    "6285883712216@s.whatsapp.net": {
      "premiumTime": 0,
      "premium": false
    },
    "601162159127@s.whatsapp.net": {
      "premiumTime": 0,
      "premium": false
    },
    "60135592387@s.whatsapp.net": {
      "premiumTime": 0,
      "premium": false
    },
    "60163249794@s.whatsapp.net": {
      "premiumTime": 0,
      "premium": false
    },
    "60146386130@s.whatsapp.net": {
      "premiumTime": 0,
      "premium": false
    },
    "6285292206957@s.whatsapp.net": {
      "premiumTime": 0,
      "premium": false
    },
    "60109547868@s.whatsapp.net": {
      "premiumTime": 0,
      "premium": false
    },
    "601136687398@s.whatsapp.net": {
      "premiumTime": 0,
      "premium": false
    },
    "601127707467@s.whatsapp.net": {
      "premiumTime": 0,
      "premium": false
    },
    "601162392479@s.whatsapp.net": {
      "premiumTime": 0,
      "premium": false
    },
    "601159065360@s.whatsapp.net": {
      "premiumTime": 0,
      "premium": false
    },
    "60128695725@s.whatsapp.net": {
      "premiumTime": 0,
      "premium": false
    },
    "60168212608@s.whatsapp.net": {
      "premiumTime": 0,
      "premium": false
    },
    "601140720437@s.whatsapp.net": {
      "premiumTime": 0,
      "premium": false
    },
    "601136811745@s.whatsapp.net": {
      "premiumTime": 0,
      "premium": false
    },
    "60187611386@s.whatsapp.net": {
      "premiumTime": 0,
      "premium": false
    },
    "60182167851@s.whatsapp.net": {
      "premiumTime": 0,
      "premium": false
    },
    "601158190506@s.whatsapp.net": {
      "premiumTime": 0,
      "premium": false
    },
    "60134696933@s.whatsapp.net": {
      "premiumTime": 0,
      "premium": false
    },
    "601157602184@s.whatsapp.net": {
      "premiumTime": 0,
      "premium": false
    },
    "60138741236@s.whatsapp.net": {
      "premiumTime": 0,
      "premium": false
    },
    "60165773267@s.whatsapp.net": {
      "premiumTime": 0,
      "premium": false
    },
    "601137403057@s.whatsapp.net": {
      "premiumTime": 0,
      "premium": false
    },
    "60165876742@s.whatsapp.net": {
      "premiumTime": 0,
      "premium": false
    },
    "60143077902@s.whatsapp.net": {
      "premiumTime": 0,
      "premium": false
    },
    "601114937193@s.whatsapp.net": {
      "premiumTime": 0,
      "premium": false
    },
    "60168648944@s.whatsapp.net": {
      "premiumTime": 0,
      "premium": false
    },
    "60106659789@s.whatsapp.net": {
      "premiumTime": 0,
      "premium": false
    },
    "60105678873@s.whatsapp.net": {
      "premiumTime": 0,
      "premium": false
    },
    "601133172297@s.whatsapp.net": {
      "premiumTime": 0,
      "premium": false
    },
    "601137556572@s.whatsapp.net": {
      "premiumTime": 0,
      "premium": false
    },
    "60164433914@s.whatsapp.net": {
      "premiumTime": 0,
      "premium": false
    },
    "601117696739@s.whatsapp.net": {
      "premiumTime": 0,
      "premium": false
    },
    "601167471365@s.whatsapp.net": {
      "premiumTime": 0,
      "premium": false
    },
    "60174450625@s.whatsapp.net": {
      "premiumTime": 0,
      "premium": false
    },
    "601169123159@s.whatsapp.net": {
      "premiumTime": 0,
      "premium": false
    },
    "601126722429@s.whatsapp.net": {
      "premiumTime": 0,
      "premium": false
    },
    "601139600329@s.whatsapp.net": {
      "premiumTime": 0,
      "premium": false
    },
    "601160712807@s.whatsapp.net": {
      "premiumTime": 0,
      "premium": false
    },
    "601119089303@s.whatsapp.net": {
      "premiumTime": 0,
      "premium": false
    },
    "601118540406@s.whatsapp.net": {
      "premiumTime": 0,
      "premium": false
    },
    "601161705787@s.whatsapp.net": {
      "premiumTime": 0,
      "premium": false
    },
    "601130165150@s.whatsapp.net": {
      "premiumTime": 0,
      "premium": false
    },
    "6289503314293@s.whatsapp.net": {
      "premiumTime": 0,
      "premium": false
    },
    "6287846796525@s.whatsapp.net": {
      "premiumTime": 0,
      "premium": false
    },
    "6285857411491@s.whatsapp.net": {
      "premiumTime": 0,
      "premium": false
    },
    "60128437595@s.whatsapp.net": {
      "premiumTime": 0,
      "premium": false
    },
    "6282192607709@s.whatsapp.net": {
      "premiumTime": 0,
      "premium": false
    },
    "60174438595@s.whatsapp.net": {
      "premiumTime": 0,
      "premium": false
    },
    "923309815286@s.whatsapp.net": {
      "premiumTime": 0,
      "premium": false
    },
    "601125260997@s.whatsapp.net": {
      "premiumTime": 0,
      "premium": false
    },
    "601121162451@s.whatsapp.net": {
      "premiumTime": 0,
      "premium": false
    },
    "601121414540@s.whatsapp.net": {
      "premiumTime": 0,
      "premium": false
    },
    "601159478447@s.whatsapp.net": {
      "premiumTime": 0,
      "premium": false
    },
    "601119896177@s.whatsapp.net": {
      "premiumTime": 0,
      "premium": false
    },
    "601115356080@s.whatsapp.net": {
      "premiumTime": 0,
      "premium": false
    },
    "60102215584@s.whatsapp.net": {
      "premiumTime": 0,
      "premium": false
    },
    "60179927742@s.whatsapp.net": {
      "premiumTime": 0,
      "premium": false
    },
    "60162414984@s.whatsapp.net": {
      "premiumTime": 0,
      "premium": false
    },
    "601123082894@s.whatsapp.net": {
      "premiumTime": 0,
      "premium": false
    },
    "60197973739@s.whatsapp.net": {
      "premiumTime": 0,
      "premium": false
    },
    "60173267938@s.whatsapp.net": {
      "premiumTime": 0,
      "premium": false
    },
    "601114001979@s.whatsapp.net": {
      "premiumTime": 0,
      "premium": false
    },
    "60172239402@s.whatsapp.net": {
      "premiumTime": 0,
      "premium": false
    },
    "60142027813@s.whatsapp.net": {
      "premiumTime": 0,
      "premium": false
    },
    "60135776681@s.whatsapp.net": {
      "premiumTime": 0,
      "premium": false
    },
    "60179161924@s.whatsapp.net": {
      "premiumTime": 0,
      "premium": false
    },
    "60135751442@s.whatsapp.net": {
      "premiumTime": 0,
      "premium": false
    },
    "601112279836@s.whatsapp.net": {
      "premiumTime": 0,
      "premium": false
    },
    "60194840944@s.whatsapp.net": {
      "premiumTime": 0,
      "premium": false
    },
    "60146094128@s.whatsapp.net": {
      "premiumTime": 0,
      "premium": false
    },
    "6283119852893@s.whatsapp.net": {
      "premiumTime": 0,
      "premium": false
    },
    "601116117282@s.whatsapp.net": {
      "premiumTime": 0,
      "premium": false
    },
    "601127997143@s.whatsapp.net": {
      "premiumTime": 0,
      "premium": false
    },
    "60132457940@s.whatsapp.net": {
      "premiumTime": 0,
      "premium": false
    },
    "601128838207@s.whatsapp.net": {
      "premiumTime": 0,
      "premium": false
    },
    "601163601298@s.whatsapp.net": {
      "premiumTime": 0,
      "premium": false
    },
    "601123776687@s.whatsapp.net": {
      "premiumTime": 0,
      "premium": false
    },
    "6289528220252@s.whatsapp.net": {
      "premiumTime": 0,
      "premium": false
    },
    "6283825216646@s.whatsapp.net": {
      "premiumTime": 0,
      "premium": false
    },
    "6283121874069@s.whatsapp.net": {
      "premiumTime": 0,
      "premium": false
    },
    "601125340774@s.whatsapp.net": {
      "premiumTime": 0,
      "premium": false
    },
    "60139851624@s.whatsapp.net": {
      "premiumTime": 0,
      "premium": false
    },
    "6283164732938@s.whatsapp.net": {
      "premiumTime": 0,
      "premium": false
    },
    "60109509078@s.whatsapp.net": {
      "premiumTime": 0,
      "premium": false
    },
    "601161518239@s.whatsapp.net": {
      "premiumTime": 0,
      "premium": false
    },
    "6285794720759@s.whatsapp.net": {
      "premiumTime": 0,
      "premium": false
    },
    "6285664731916@s.whatsapp.net": {
      "premiumTime": 0,
      "premium": false
    },
    "60199616356@s.whatsapp.net": {
      "premiumTime": 0,
      "premium": false
    },
    "60196528185@s.whatsapp.net": {
      "premiumTime": 0,
      "premium": false
    },
    "601123899881@s.whatsapp.net": {
      "premiumTime": 0,
      "premium": false
    },
    "60189402067@s.whatsapp.net": {
      "premiumTime": 0,
      "premium": false
    },
    "60149334586@s.whatsapp.net": {
      "premiumTime": 0,
      "premium": false
    },
    "62895330111912@s.whatsapp.net": {
      "premiumTime": 0,
      "premium": false
    },
    "6283187345305@s.whatsapp.net": {
      "premiumTime": 0,
      "premium": false
    },
    "6282137435046@s.whatsapp.net": {
      "premiumTime": 0,
      "premium": false
    },
    "601136731255@s.whatsapp.net": {
      "premiumTime": 0,
      "premium": false
    },
    "601160522734@s.whatsapp.net": {
      "premiumTime": 0,
      "premium": false
    },
    "60135340242@s.whatsapp.net": {
      "premiumTime": 0,
      "premium": false
    },
    "60149616445@s.whatsapp.net": {
      "premiumTime": 0,
      "premium": false
    },
    "60167130349@s.whatsapp.net": {
      "premiumTime": 0,
      "premium": false
    },
    "601157527481@s.whatsapp.net": {
      "premiumTime": 0,
      "premium": false
    },
    "601111837458@s.whatsapp.net": {
      "premiumTime": 0,
      "premium": false
    },
    "601135902493@s.whatsapp.net": {
      "premiumTime": 0,
      "premium": false
    },
    "6283840538285@s.whatsapp.net": {
      "premiumTime": 0,
      "premium": false
    },
    "601174420811@s.whatsapp.net": {
      "premiumTime": 0,
      "premium": false
    },
    "60169017457@s.whatsapp.net": {
      "premiumTime": 0,
      "premium": false
    },
    "601111694169@s.whatsapp.net": {
      "premiumTime": 0,
      "premium": false
    },
    "60139926613@s.whatsapp.net": {
      "premiumTime": 0,
      "premium": false
    },
    "60148166936@s.whatsapp.net": {
      "premiumTime": 0,
      "premium": false
    },
    "601131325134@s.whatsapp.net": {
      "premiumTime": 0,
      "premium": false
    },
    "60135833404@s.whatsapp.net": {
      "premiumTime": 0,
      "premium": false
    },
    "601169587266@s.whatsapp.net": {
      "premiumTime": 0,
      "premium": false
    },
    "6287745858644@s.whatsapp.net": {
      "premiumTime": 0,
      "premium": false
    },
    "60166090403@s.whatsapp.net": {
      "premiumTime": 0,
      "premium": false
    },
    "6282249017080@s.whatsapp.net": {
      "premiumTime": 0,
      "premium": false
    },
    "60102841362@s.whatsapp.net": {
      "premiumTime": 0,
      "premium": false
    },
    "60145417635@s.whatsapp.net": {
      "premiumTime": 0,
      "premium": false
    },
    "60139052354@s.whatsapp.net": {
      "premiumTime": 0,
      "premium": false
    },
    "233554577423@s.whatsapp.net": {
      "premiumTime": 0,
      "premium": false
    },
    "60108329648@s.whatsapp.net": {
      "premiumTime": 0,
      "premium": false
    },
    "60169309839@s.whatsapp.net": {
      "premiumTime": 0,
      "premium": false
    }
  },
  "chats": {
    "60168807209@s.whatsapp.net": {},
    "120363317955329490@newsletter": {},
    "120363210027127512@g.us": {},
    "120363156020816678@g.us": {},
    "120363040052348089@g.us": {},
    "120363283574397084@newsletter": {},
    "60142937868@s.whatsapp.net": {},
    "120363276670769802@newsletter": {},
    "601111763790@s.whatsapp.net": {},
    "120363292788881761@newsletter": {},
    "120363294505584309@newsletter": {},
    "601117796595@s.whatsapp.net": {},
    "120363314734246493@newsletter": {},
    "120363316702111578@newsletter": {},
    "60109618433@s.whatsapp.net": {},
    "60189705029@s.whatsapp.net": {},
    "120363283314647631@newsletter": {},
    "120363029553890510@g.us": {},
    "628979810115@s.whatsapp.net": {},
    "601161236757@s.whatsapp.net": {},
    "120363331245883852@g.us": {},
    "120363316865552001@g.us": {},
    "601119089303@s.whatsapp.net": {},
    "120363303999525197@g.us": {},
    "923309815286@s.whatsapp.net": {}
  },
  "game": {},
  "database": {},
  "settings": {
    "60168807209@s.whatsapp.net": {
      "status": 0,
      "stock": 10,
      "autobio": false,
      "autoTyping": false,
      "autoRecord": false,
      "autoButton": true,
      "public": false,
      "setPrefix": "all",
      "onlygrub": false,
      "autoread": false,
      "menuType": "buttonImage"
    }
  },
  "setting": {},
  "others": {},
  "sticker": {}
}